date,source_ip,destination_ip,total_flow_duration,total_forward_packets
2022-12-06,108.137.181.26,192.168.20.48,1214,1
2022-12-06,13.246.0.149,192.168.20.48,1271,1
2022-12-06,13.246.174.39,192.168.20.48,1522,1
2022-12-06,151.101.1.16,192.168.20.43,14437,16
2022-12-06,172.217.18.206,192.168.20.42,54735,2
2022-12-06,18.155.126.209,192.168.20.43,720,8
2022-12-06,18.155.126.209,192.168.20.48,3343,6
2022-12-06,18.155.131.56,192.168.20.43,59971945,4
2022-12-06,18.163.70.120,192.168.20.48,2761,2
2022-12-06,18.164.55.101,192.168.20.43,4684,1
2022-12-06,18.167.1.113,192.168.20.48,2675,2
2022-12-06,18.203.57.224,192.168.20.48,2235907197,207
2022-12-06,192.168.20.10,35.195.102.202,3371552931,470
2022-12-06,192.168.20.12,18.192.43.219,3060239673,134
2022-12-06,192.168.20.12,255.255.255.255,3495057016,729
2022-12-06,192.168.20.13,255.255.255.255,3505052042,731
2022-12-06,192.168.20.13,3.65.95.68,2703561184,134
2022-12-06,192.168.20.15,255.255.255.255,3540011195,1210
2022-12-06,192.168.20.15,3.122.18.69,3061010893,138
2022-12-06,192.168.20.18,129.6.15.28,9093846,5
2022-12-06,192.168.20.18,51.195.117.133,12075993,6
2022-12-06,192.168.20.18,52.30.162.139,384224,36
2022-12-06,192.168.20.19,108.128.53.179,542305070,162
2022-12-06,192.168.20.19,120.25.115.20,264623,1
2022-12-06,192.168.20.19,173.194.76.206,2814724939,128
2022-12-06,192.168.20.19,216.239.35.0,5563,1
2022-12-06,192.168.20.19,216.239.35.12,12117,1
2022-12-06,192.168.20.19,216.239.35.4,5763,1
2022-12-06,192.168.20.19,216.239.35.8,5483,1
2022-12-06,192.168.20.19,224.0.0.22,14580201,60
2022-12-06,192.168.20.19,224.0.0.251,1858548361,62
2022-12-06,192.168.20.19,239.255.255.250,2431400912,432
2022-12-06,192.168.20.19,34.117.13.189,2840778098,162
2022-12-06,192.168.20.19,52.210.32.69,695445659,263
2022-12-06,192.168.20.19,54.171.25.87,28231787,82
2022-12-06,192.168.20.19,54.217.52.155,540323625,161
2022-12-06,192.168.20.19,54.74.123.186,21310685,58
2022-12-06,192.168.20.19,54.77.112.89,83202,10
2022-12-06,192.168.20.19,54.77.51.148,204452,20
2022-12-06,192.168.20.19,54.78.125.193,14424949,37
2022-12-06,192.168.20.19,8.8.4.4,162242,44
2022-12-06,192.168.20.19,8.8.8.8,197988,47
2022-12-06,192.168.20.20,224.0.0.251,92931,2
2022-12-06,192.168.20.20,8.8.8.8,25142,2
2022-12-06,192.168.20.20,99.80.0.240,2420651622,132
2022-12-06,192.168.20.254,239.255.255.250,131586,40
2022-12-06,192.168.20.42,172.217.18.206,135917774,38
2022-12-06,192.168.20.42,192.168.20.1,1864533405,116
2022-12-06,192.168.20.42,216.239.35.0,5734,1
2022-12-06,192.168.20.42,216.239.35.12,24327,2
2022-12-06,192.168.20.42,216.239.35.4,5438,1
2022-12-06,192.168.20.42,216.239.35.8,5491,1
2022-12-06,192.168.20.42,216.58.213.74,5165534,23
2022-12-06,192.168.20.42,216.58.214.163,3482126700,305
2022-12-06,192.168.20.42,224.0.0.250,1800262300,60
2022-12-06,192.168.20.42,224.0.0.251,2024879354,305
2022-12-06,192.168.20.42,239.255.255.251,1800240861,60
2022-12-06,192.168.20.42,255.255.255.255,3780666212,121
2022-12-06,192.168.20.42,64.233.184.188,5164212004,205
2022-12-06,192.168.20.42,8.8.8.8,1865123962,245
2022-12-06,192.168.20.43,104.199.65.124,2740368704,270
2022-12-06,192.168.20.43,151.101.1.16,73665174,296
2022-12-06,192.168.20.43,18.155.126.209,910636,64
2022-12-06,192.168.20.43,18.155.127.135,60196969,69
2022-12-06,192.168.20.43,18.155.131.56,120444005,57
2022-12-06,192.168.20.43,18.164.55.101,114110331,11
2022-12-06,192.168.20.43,184.73.130.219,431,2
2022-12-06,192.168.20.43,192.168.20.1,188362,60
2022-12-06,192.168.20.43,224.0.0.251,365671902,19
2022-12-06,192.168.20.43,239.255.255.250,1285583,51
2022-12-06,192.168.20.43,255.255.255.255,94,3
2022-12-06,192.168.20.43,3.208.210.255,109335805,14
2022-12-06,192.168.20.43,3.218.120.56,219748233,28
2022-12-06,192.168.20.43,3.220.6.227,125575385,14
2022-12-06,192.168.20.43,3.229.228.181,110838639,14
2022-12-06,192.168.20.43,3.232.21.156,60160974,4
2022-12-06,192.168.20.43,34.227.127.81,108994007,14
2022-12-06,192.168.20.43,34.232.93.236,3778279,15
2022-12-06,192.168.20.43,34.239.216.180,3808101,24
2022-12-06,192.168.20.43,35.166.62.210,114070299,17
2022-12-06,192.168.20.43,35.167.225.196,8665593,19
2022-12-06,192.168.20.43,44.197.43.221,3740274,16
2022-12-06,192.168.20.43,44.207.110.97,65452216,10
2022-12-06,192.168.20.43,44.240.184.205,17314782,36
2022-12-06,192.168.20.43,52.204.152.47,3587681,22
2022-12-06,192.168.20.43,52.222.145.55,60217706,25
2022-12-06,192.168.20.43,52.222.193.55,76556,8
2022-12-06,192.168.20.43,52.3.30.207,111031227,14
2022-12-06,192.168.20.43,52.39.190.49,9497049,38
2022-12-06,192.168.20.43,52.44.174.14,109255126,14
2022-12-06,192.168.20.43,52.46.131.184,112239742,11
2022-12-06,192.168.20.43,52.46.137.106,403697,12
2022-12-06,192.168.20.43,52.6.28.164,108940747,14
2022-12-06,192.168.20.43,52.70.101.206,11866705,57
2022-12-06,192.168.20.43,52.73.50.224,132,2
2022-12-06,192.168.20.43,52.94.228.85,162134,4
2022-12-06,192.168.20.43,52.95.126.126,114263998,14
2022-12-06,192.168.20.43,54.161.84.13,4443795,25
2022-12-06,192.168.20.43,54.166.238.29,108750370,14
2022-12-06,192.168.20.43,54.208.87.93,109149569,14
2022-12-06,192.168.20.43,54.224.213.223,1821716416,80
2022-12-06,192.168.20.43,54.70.5.180,8672492,19
2022-12-06,192.168.20.43,8.8.8.8,398051,42
2022-12-06,192.168.20.45,239.255.255.250,2820411213,860
2022-12-06,192.168.20.45,52.9.40.194,2737096663,242
2022-12-06,192.168.20.48,104.199.65.124,3415785967,756
2022-12-06,192.168.20.48,108.137.181.26,890408,17
2022-12-06,192.168.20.48,13.246.0.149,643563,18
2022-12-06,192.168.20.48,13.246.174.39,632949,17
2022-12-06,192.168.20.48,18.155.126.209,1606545,72
2022-12-06,192.168.20.48,18.155.131.56,137744,19
2022-12-06,192.168.20.48,18.163.70.120,2152485,34
2022-12-06,192.168.20.48,18.167.1.113,2091021,36
2022-12-06,192.168.20.48,18.203.57.224,845954089,102
2022-12-06,192.168.20.48,192.168.20.1,80246,60
2022-12-06,192.168.20.48,3.226.156.103,1821452418,80
2022-12-06,192.168.20.48,3.76.1.196,89756,17
2022-12-06,192.168.20.48,52.20.206.121,361262,17
2022-12-06,192.168.20.48,52.46.155.112,381328,14
2022-12-06,192.168.20.48,52.76.51.147,816383,17
2022-12-06,192.168.20.48,52.79.118.208,1089300,18
2022-12-06,192.168.20.48,54.157.203.98,2779440,178
2022-12-06,192.168.20.48,54.193.16.2,664539,17
2022-12-06,192.168.20.48,54.205.24.65,373802,25
2022-12-06,192.168.20.48,54.221.200.137,363064,17
2022-12-06,192.168.20.48,54.232.199.45,891200,17
2022-12-06,192.168.20.48,8.8.8.8,152187,23
2022-12-06,3.76.1.196,192.168.20.48,1051,1
2022-12-06,52.20.206.121,192.168.20.48,1162,1
2022-12-06,52.210.32.69,192.168.20.19,66,2
2022-12-06,52.214.227.89,192.168.20.43,3181433270,472
2022-12-06,52.222.145.55,192.168.20.43,59971809,2
2022-12-06,52.222.193.55,192.168.20.43,59973020,2
2022-12-06,52.39.190.49,192.168.20.43,1995,1
2022-12-06,52.46.137.106,192.168.20.43,5968,3
2022-12-06,52.76.51.147,192.168.20.48,1046,1
2022-12-06,52.79.118.208,192.168.20.48,1304,1
2022-12-06,52.95.126.126,192.168.20.43,2677,1
2022-12-06,54.157.203.98,192.168.20.48,27610,6
2022-12-06,54.193.16.2,192.168.20.48,1132,1
2022-12-06,54.205.24.65,192.168.20.48,1150,1
2022-12-06,54.217.52.155,192.168.20.19,119570618,13
2022-12-06,54.221.200.137,192.168.20.48,1207,1
2022-12-06,54.232.199.45,192.168.20.48,5117,1
2022-12-06,54.77.112.89,192.168.20.19,904,2
2022-12-06,54.77.51.148,192.168.20.19,1875,4
2022-12-06,8.6.0.1,8.0.6.4,3507162364,1782
2022-12-07,0.0.0.0,255.255.255.255,1237568,8
2022-12-07,100.21.0.103,192.168.20.43,272,6
2022-12-07,108.136.92.85,192.168.20.48,8401,7
2022-12-07,108.137.181.26,192.168.20.48,75361,6
2022-12-07,108.137.188.162,192.168.20.48,9175,4
2022-12-07,13.125.158.78,192.168.20.48,2464,2
2022-12-07,13.245.125.189,192.168.20.48,41772,9
2022-12-07,13.246.0.149,192.168.20.48,12021,4
2022-12-07,13.246.174.39,192.168.20.48,5506,3
2022-12-07,13.37.191.91,192.168.20.48,4631,3
2022-12-07,13.48.15.205,192.168.20.48,4639,4
2022-12-07,13.50.30.171,192.168.20.48,5264,5
2022-12-07,13.54.168.82,192.168.20.48,93316,3
2022-12-07,142.250.178.138,192.168.20.42,1955,6
2022-12-07,142.250.178.142,192.168.20.42,10246,1
2022-12-07,142.250.179.106,192.168.20.42,4485,2
2022-12-07,142.250.179.112,192.168.20.42,4974,3
2022-12-07,142.250.179.67,192.168.20.42,2094,3
2022-12-07,142.250.179.74,192.168.20.42,95,2
2022-12-07,142.250.179.99,192.168.20.42,11866,4
2022-12-07,142.250.201.170,192.168.20.42,3754,6
2022-12-07,142.250.201.174,192.168.20.42,1556,1
2022-12-07,142.250.75.234,192.168.20.42,8865,9
2022-12-07,142.250.75.238,192.168.20.42,9730,24
2022-12-07,15.161.86.203,192.168.20.48,9851,3
2022-12-07,15.168.33.159,192.168.20.48,1226,1
2022-12-07,15.184.245.166,192.168.20.48,15657,4
2022-12-07,15.188.36.183,192.168.20.48,18033,7
2022-12-07,15.222.185.72,192.168.20.48,30047,2
2022-12-07,15.236.150.135,192.168.20.48,10883,3
2022-12-07,151.101.1.16,192.168.20.43,10442,43
2022-12-07,157.175.241.61,192.168.20.48,6976,5
2022-12-07,157.241.5.46,192.168.20.48,35081,3
2022-12-07,16.16.59.238,192.168.20.48,24604,3
2022-12-07,16.163.233.23,192.168.20.48,6138,4
2022-12-07,172.217.18.202,192.168.20.42,2471,1
2022-12-07,172.217.18.206,192.168.20.42,90174498,13
2022-12-07,172.217.18.206,192.168.20.43,1051,1
2022-12-07,173.194.76.206,192.168.20.19,590,2
2022-12-07,178.236.7.140,192.168.20.43,2409,2
2022-12-07,18.102.55.180,192.168.20.48,24490,8
2022-12-07,18.102.88.160,192.168.20.48,24860,9
2022-12-07,18.134.222.161,192.168.20.48,13227,6
2022-12-07,18.140.188.91,192.168.20.48,6498,3
2022-12-07,18.155.126.209,192.168.20.43,29229,158
2022-12-07,18.155.126.209,192.168.20.48,173795,183
2022-12-07,18.155.131.56,192.168.20.43,119936986,4
2022-12-07,18.156.17.11,192.168.20.48,10340,4
2022-12-07,18.163.70.120,192.168.20.48,6967,6
2022-12-07,18.164.55.101,192.168.20.43,6534,3
2022-12-07,18.164.55.110,192.168.20.43,18441,6
2022-12-07,18.164.55.40,192.168.20.43,59966658,4
2022-12-07,18.164.55.96,192.168.20.43,1130,1
2022-12-07,18.167.1.113,192.168.20.48,25150,2
2022-12-07,18.203.57.224,192.168.20.43,254,4
2022-12-07,18.203.57.224,192.168.20.48,4632,16
2022-12-07,18.214.180.6,192.168.20.48,33104,14
2022-12-07,18.216.180.71,192.168.20.48,5498,4
2022-12-07,18.229.75.205,192.168.20.48,5877,5
2022-12-07,192.168.20.1,192.168.20.40,3794,6
2022-12-07,192.168.20.1,224.0.0.251,11869697,24
2022-12-07,192.168.20.10,35.195.102.202,78062263096,40003
2022-12-07,192.168.20.12,18.192.43.219,68634725404,2932
2022-12-07,192.168.20.12,18.195.249.137,604853,40
2022-12-07,192.168.20.12,255.255.255.255,78210311592,16311
2022-12-07,192.168.20.13,255.255.255.255,78200432479,16309
2022-12-07,192.168.20.13,3.121.131.36,460587,30
2022-12-07,192.168.20.13,3.65.95.68,67862137860,2950
2022-12-07,192.168.20.15,18.193.22.4,202382,17
2022-12-07,192.168.20.15,255.255.255.255,79550702725,27189
2022-12-07,192.168.20.15,3.122.18.69,61768715092,2924
2022-12-07,192.168.20.18,129.6.15.28,215445655,116
2022-12-07,192.168.20.18,51.195.117.133,270236523,135
2022-12-07,192.168.20.18,52.30.162.139,9128799,834
2022-12-07,192.168.20.19,108.128.53.179,15122058875,4400
2022-12-07,192.168.20.19,120.25.115.20,3972779,15
2022-12-07,192.168.20.19,173.194.76.206,61595293424,2804
2022-12-07,192.168.20.19,203.107.6.88,3782945,20
2022-12-07,192.168.20.19,216.239.35.0,107070,19
2022-12-07,192.168.20.19,216.239.35.12,233900,19
2022-12-07,192.168.20.19,216.239.35.4,107637,19
2022-12-07,192.168.20.19,216.239.35.8,106092,19
2022-12-07,192.168.20.19,224.0.0.22,367323532,1356
2022-12-07,192.168.20.19,224.0.0.251,41112878264,1442
2022-12-07,192.168.20.19,239.255.255.250,54451105445,9660
2022-12-07,192.168.20.19,34.117.13.189,63866748783,3679
2022-12-07,192.168.20.19,52.210.32.69,13130935045,3839
2022-12-07,192.168.20.19,54.171.25.87,280869514,755
2022-12-07,192.168.20.19,54.217.52.155,15336182286,4436
2022-12-07,192.168.20.19,54.74.123.186,341107458,938
2022-12-07,192.168.20.19,54.77.112.89,2687454,336
2022-12-07,192.168.20.19,54.77.51.148,2859815,345
2022-12-07,192.168.20.19,54.78.125.193,351774968,959
2022-12-07,192.168.20.19,8.8.4.4,3542532,947
2022-12-07,192.168.20.19,8.8.8.8,4315755,1230
2022-12-07,192.168.20.20,224.0.0.251,1743960,46
2022-12-07,192.168.20.20,34.254.122.144,10894035537,608
2022-12-07,192.168.20.20,54.194.135.95,889088,11
2022-12-07,192.168.20.20,8.8.8.8,288520,10
2022-12-07,192.168.20.20,99.80.0.240,43493459848,2804
2022-12-07,192.168.20.254,239.255.255.250,3373298,984
2022-12-07,192.168.20.40,192.168.20.42,3134,1
2022-12-07,192.168.20.40,255.255.255.255,4986720793,165
2022-12-07,192.168.20.42,142.250.178.138,112241570,373
2022-12-07,192.168.20.42,142.250.178.142,216534190,160
2022-12-07,192.168.20.42,142.250.179.106,205732286,87
2022-12-07,192.168.20.42,142.250.179.110,48816287,54
2022-12-07,192.168.20.42,142.250.179.112,436151133,285
2022-12-07,192.168.20.42,142.250.179.67,195241368,45
2022-12-07,192.168.20.42,142.250.179.74,118526449,148
2022-12-07,192.168.20.42,142.250.179.99,410651997,200
2022-12-07,192.168.20.42,142.250.201.170,376662544,105
2022-12-07,192.168.20.42,142.250.201.174,80992190,19
2022-12-07,192.168.20.42,142.250.75.234,195519590,257
2022-12-07,192.168.20.42,142.250.75.238,5269420,531
2022-12-07,192.168.20.42,151.101.194.217,429593940,31
2022-12-07,192.168.20.42,172.217.18.202,230230219,44
2022-12-07,192.168.20.42,172.217.18.206,8853589574,1811
2022-12-07,192.168.20.42,173.194.76.101,321921,41
2022-12-07,192.168.20.42,192.168.20.1,41442672602,2609
2022-12-07,192.168.20.42,199.232.58.248,272826053,91
2022-12-07,192.168.20.42,216.239.35.0,79180,14
2022-12-07,192.168.20.42,216.239.35.12,304184,25
2022-12-07,192.168.20.42,216.239.35.4,156384,28
2022-12-07,192.168.20.42,216.239.35.8,105974,19
2022-12-07,192.168.20.42,216.58.213.74,13299200,110
2022-12-07,192.168.20.42,216.58.214.163,76749499016,6893
2022-12-07,192.168.20.42,216.58.214.166,194984347,20
2022-12-07,192.168.20.42,216.58.214.170,181793355,125
2022-12-07,192.168.20.42,216.58.214.74,246555419,59
2022-12-07,192.168.20.42,224.0.0.22,51278632,7
2022-12-07,192.168.20.42,224.0.0.250,41621443867,1359
2022-12-07,192.168.20.42,224.0.0.251,48723539550,6841
2022-12-07,192.168.20.42,239.255.255.251,41318392682,1348
2022-12-07,192.168.20.42,255.255.255.255,87944913066,2714
2022-12-07,192.168.20.42,34.104.35.123,411053178,9721
2022-12-07,192.168.20.42,35.186.224.25,429665605,30
2022-12-07,192.168.20.42,35.188.42.15,110557559,14
2022-12-07,192.168.20.42,64.233.184.188,20018200885,806
2022-12-07,192.168.20.42,66.102.1.188,94780718623,3830
2022-12-07,192.168.20.42,8.8.8.8,41424072706,5546
2022-12-07,192.168.20.43,100.21.0.103,59313789,184
2022-12-07,192.168.20.43,104.199.65.124,71091261137,6727
2022-12-07,192.168.20.43,107.20.127.221,96907521,42
2022-12-07,192.168.20.43,151.101.1.16,2813502,744
2022-12-07,192.168.20.43,172.217.18.206,41829527,7
2022-12-07,192.168.20.43,176.32.98.79,635344,17
2022-12-07,192.168.20.43,178.236.7.140,129703176,35
2022-12-07,192.168.20.43,18.155.126.209,14641702,1106
2022-12-07,192.168.20.43,18.155.129.69,120212888,97
2022-12-07,192.168.20.43,18.155.131.56,181093096,66
2022-12-07,192.168.20.43,18.164.49.183,60136975,145
2022-12-07,192.168.20.43,18.164.55.101,148136418,77
2022-12-07,192.168.20.43,18.164.55.110,347146452,155
2022-12-07,192.168.20.43,18.164.55.40,3602754,47
2022-12-07,192.168.20.43,18.164.55.96,16794106,12
2022-12-07,192.168.20.43,18.203.57.224,24144909554,3826
2022-12-07,192.168.20.43,18.233.46.225,23705358,279
2022-12-07,192.168.20.43,184.73.130.219,27533760,129
2022-12-07,192.168.20.43,192.168.20.1,3215386,1360
2022-12-07,192.168.20.43,205.251.242.2,694440,17
2022-12-07,192.168.20.43,209.54.177.153,462534,11
2022-12-07,192.168.20.43,209.54.177.154,97854944,21
2022-12-07,192.168.20.43,209.54.177.157,100139119,11
2022-12-07,192.168.20.43,209.54.178.134,469445,11
2022-12-07,192.168.20.43,209.54.178.166,158417541,22
2022-12-07,192.168.20.43,209.54.181.4,502070,10
2022-12-07,192.168.20.43,209.54.181.79,589976,33
2022-12-07,192.168.20.43,209.54.181.98,94961291,20
2022-12-07,192.168.20.43,209.54.183.243,391433,13
2022-12-07,192.168.20.43,224.0.0.251,11782951879,479
2022-12-07,192.168.20.43,239.255.255.250,100564370,1185
2022-12-07,192.168.20.43,255.255.255.255,7489,33
2022-12-07,192.168.20.43,3.208.140.212,49777202,291
2022-12-07,192.168.20.43,3.208.210.255,1101462746,140
2022-12-07,192.168.20.43,3.212.205.83,220495807,1793
2022-12-07,192.168.20.43,3.214.58.173,76856,1
2022-12-07,192.168.20.43,3.215.30.85,660463771,84
2022-12-07,192.168.20.43,3.218.120.56,545697734,70
2022-12-07,192.168.20.43,3.220.182.54,20523237,171
2022-12-07,192.168.20.43,3.220.6.227,768992323,98
2022-12-07,192.168.20.43,3.222.37.41,668587367,84
2022-12-07,192.168.20.43,3.224.166.115,35531220,335
2022-12-07,192.168.20.43,3.226.196.104,31833222,144
2022-12-07,192.168.20.43,3.227.184.44,988732257,126
2022-12-07,192.168.20.43,3.227.250.142,8022150,19
2022-12-07,192.168.20.43,3.227.250.150,751491,20
2022-12-07,192.168.20.43,3.227.250.176,435205,16
2022-12-07,192.168.20.43,3.227.250.206,602545,19
2022-12-07,192.168.20.43,3.227.250.226,653222,22
2022-12-07,192.168.20.43,3.227.250.235,1161224,39
2022-12-07,192.168.20.43,3.227.250.246,657839,20
2022-12-07,192.168.20.43,3.227.250.247,619607,19
2022-12-07,192.168.20.43,3.229.228.181,1428457805,182
2022-12-07,192.168.20.43,3.232.127.207,24811813,172
2022-12-07,192.168.20.43,3.232.197.4,96947022,46
2022-12-07,192.168.20.43,3.232.21.156,1586174456,206
2022-12-07,192.168.20.43,3.233.174.130,96459794,39
2022-12-07,192.168.20.43,3.234.165.228,31989189,285
2022-12-07,192.168.20.43,3.234.38.31,78380,1
2022-12-07,192.168.20.43,3.237.107.58,541491,20
2022-12-07,192.168.20.43,3.237.53.195,38537038,230
2022-12-07,192.168.20.43,3.85.252.224,1543841205,196
2022-12-07,192.168.20.43,3.88.94.137,1104854943,140
2022-12-07,192.168.20.43,3.91.171.130,609262,20
2022-12-07,192.168.20.43,3.91.171.153,667283,20
2022-12-07,192.168.20.43,3.91.171.228,546212,20
2022-12-07,192.168.20.43,3.91.171.243,1307621,40
2022-12-07,192.168.20.43,3.91.171.246,586696,20
2022-12-07,192.168.20.43,3.91.171.249,599900,20
2022-12-07,192.168.20.43,3.92.103.73,97108887,52
2022-12-07,192.168.20.43,3.93.8.74,96556878,39
2022-12-07,192.168.20.43,34.192.154.181,58303247,1814
2022-12-07,192.168.20.43,34.195.153.29,39372316,236
2022-12-07,192.168.20.43,34.202.156.48,1424241928,182
2022-12-07,192.168.20.43,34.203.4.32,97375203,53
2022-12-07,192.168.20.43,34.210.228.239,27797228,92
2022-12-07,192.168.20.43,34.224.178.62,96365047,42
2022-12-07,192.168.20.43,34.227.127.81,1106340740,140
2022-12-07,192.168.20.43,34.231.63.97,96471983,37
2022-12-07,192.168.20.43,34.232.93.236,49206102,371
2022-12-07,192.168.20.43,34.236.178.92,97141124,47
2022-12-07,192.168.20.43,34.238.107.215,547145681,70
2022-12-07,192.168.20.43,34.239.216.180,96193959,2083
2022-12-07,192.168.20.43,35.155.9.57,53406554,141
2022-12-07,192.168.20.43,35.164.182.2,52699712,117
2022-12-07,192.168.20.43,35.166.62.210,125045435,74
2022-12-07,192.168.20.43,35.167.225.196,108659389,260
2022-12-07,192.168.20.43,35.173.14.214,16666798,189
2022-12-07,192.168.20.43,35.174.51.236,30996116,176
2022-12-07,192.168.20.43,44.193.176.218,989161147,126
2022-12-07,192.168.20.43,44.193.236.65,12736669,17
2022-12-07,192.168.20.43,44.195.211.0,96259551,42
2022-12-07,192.168.20.43,44.197.43.221,16337811,167
2022-12-07,192.168.20.43,44.207.110.97,1207316667,158
2022-12-07,192.168.20.43,44.207.146.186,1291232007,166
2022-12-07,192.168.20.43,44.207.206.245,436835695,56
2022-12-07,192.168.20.43,44.211.15.145,1204410117,154
2022-12-07,192.168.20.43,44.226.67.213,34611055,74
2022-12-07,192.168.20.43,44.227.96.221,161030872,241
2022-12-07,192.168.20.43,44.228.215.143,43469507,89
2022-12-07,192.168.20.43,44.234.113.198,200802142,237
2022-12-07,192.168.20.43,44.240.184.205,8656870,17
2022-12-07,192.168.20.43,52.0.129.193,1112085568,140
2022-12-07,192.168.20.43,52.1.172.87,28575839,169
2022-12-07,192.168.20.43,52.119.196.28,1209941,36
2022-12-07,192.168.20.43,52.119.196.31,483793,11
2022-12-07,192.168.20.43,52.119.198.106,64401230,10
2022-12-07,192.168.20.43,52.119.198.186,477821,11
2022-12-07,192.168.20.43,52.119.198.2,443612,11
2022-12-07,192.168.20.43,52.16.104.93,26968979181,4382
2022-12-07,192.168.20.43,52.203.151.208,76748,1
2022-12-07,192.168.20.43,52.204.152.47,21750194,126
2022-12-07,192.168.20.43,52.205.66.64,30831984,160
2022-12-07,192.168.20.43,52.206.107.93,669920360,84
2022-12-07,192.168.20.43,52.210.180.223,531371,27
2022-12-07,192.168.20.43,52.214.227.89,17336176777,2716
2022-12-07,192.168.20.43,52.216.29.196,8961624,300
2022-12-07,192.168.20.43,52.222.145.55,665534190,346
2022-12-07,192.168.20.43,52.222.149.14,1851104,6
2022-12-07,192.168.20.43,52.222.149.17,108646,6
2022-12-07,192.168.20.43,52.222.149.49,264777,20
2022-12-07,192.168.20.43,52.222.175.220,69795401,3401
2022-12-07,192.168.20.43,52.222.193.55,2899527615,1596
2022-12-07,192.168.20.43,52.27.163.92,134832395,466
2022-12-07,192.168.20.43,52.3.30.207,840102470,110
2022-12-07,192.168.20.43,52.36.138.241,150837037,276
2022-12-07,192.168.20.43,52.37.30.201,51896031,106
2022-12-07,192.168.20.43,52.39.190.49,103075566,138
2022-12-07,192.168.20.43,52.4.194.79,201191783,281
2022-12-07,192.168.20.43,52.44.174.14,769165437,98
2022-12-07,192.168.20.43,52.46.128.39,102382164,10
2022-12-07,192.168.20.43,52.46.129.152,484920,22
2022-12-07,192.168.20.43,52.46.131.184,436882,11
2022-12-07,192.168.20.43,52.46.133.103,161340434,32
2022-12-07,192.168.20.43,52.46.133.115,12397077,18
2022-12-07,192.168.20.43,52.46.136.110,392760,13
2022-12-07,192.168.20.43,52.46.136.68,526119,28
2022-12-07,192.168.20.43,52.46.137.209,532009,32
2022-12-07,192.168.20.43,52.46.137.248,516023,23
2022-12-07,192.168.20.43,52.46.143.123,90486279,11
2022-12-07,192.168.20.43,52.46.145.112,392895,12
2022-12-07,192.168.20.43,52.46.145.205,354358,11
2022-12-07,192.168.20.43,52.46.149.29,101599753,41
2022-12-07,192.168.20.43,52.46.149.57,863259,21
2022-12-07,192.168.20.43,52.46.155.112,431007,10
2022-12-07,192.168.20.43,52.46.155.120,43304494,58
2022-12-07,192.168.20.43,52.46.157.6,61499368,12
2022-12-07,192.168.20.43,52.46.158.193,109857352,11
2022-12-07,192.168.20.43,52.54.152.190,96713276,44
2022-12-07,192.168.20.43,52.6.20.84,97395431,42
2022-12-07,192.168.20.43,52.6.28.164,990497106,126
2022-12-07,192.168.20.43,52.70.101.206,20464428,81
2022-12-07,192.168.20.43,52.72.244.88,193966697,91
2022-12-07,192.168.20.43,52.73.50.224,30595547,179
2022-12-07,192.168.20.43,52.84.174.15,154006,6
2022-12-07,192.168.20.43,52.84.174.45,1885984,6
2022-12-07,192.168.20.43,52.86.20.72,96690621,40
2022-12-07,192.168.20.43,52.94.217.134,519198470,235
2022-12-07,192.168.20.43,52.94.217.61,2538159,14
2022-12-07,192.168.20.43,52.94.218.244,186089999,30
2022-12-07,192.168.20.43,52.94.219.88,793297566,274
2022-12-07,192.168.20.43,52.94.221.55,289205425,159
2022-12-07,192.168.20.43,52.94.224.149,102024488,11
2022-12-07,192.168.20.43,52.94.225.206,710129,22
2022-12-07,192.168.20.43,52.94.225.227,362405,11
2022-12-07,192.168.20.43,52.94.225.56,503783,30
2022-12-07,192.168.20.43,52.94.228.85,4740676,104
2022-12-07,192.168.20.43,52.94.231.169,80514475,11
2022-12-07,192.168.20.43,52.94.231.222,584518,18
2022-12-07,192.168.20.43,52.94.236.45,416938,12
2022-12-07,192.168.20.43,52.95.123.112,196195137,38
2022-12-07,192.168.20.43,52.95.123.17,206522470,66
2022-12-07,192.168.20.43,52.95.124.103,2641747,25
2022-12-07,192.168.20.43,52.95.125.12,175452576,40
2022-12-07,192.168.20.43,52.95.126.126,65162585,53
2022-12-07,192.168.20.43,52.95.127.117,42615840,14
2022-12-07,192.168.20.43,54.159.111.180,8753982,42
2022-12-07,192.168.20.43,54.161.84.13,12153449,79
2022-12-07,192.168.20.43,54.166.101.241,50755643,391
2022-12-07,192.168.20.43,54.166.238.29,770618222,98
2022-12-07,192.168.20.43,54.187.92.102,91920506,144
2022-12-07,192.168.20.43,54.208.87.93,994514648,126
2022-12-07,192.168.20.43,54.208.97.34,985483004,126
2022-12-07,192.168.20.43,54.209.44.8,31613600,300
2022-12-07,192.168.20.43,54.224.213.223,40806480288,1792
2022-12-07,192.168.20.43,54.226.11.35,19173874,143
2022-12-07,192.168.20.43,54.227.225.219,96961064,40
2022-12-07,192.168.20.43,54.235.139.208,772674891,98
2022-12-07,192.168.20.43,54.236.174.203,1093132225,140
2022-12-07,192.168.20.43,54.239.27.88,566606,35
2022-12-07,192.168.20.43,54.239.31.104,71081603,26
2022-12-07,192.168.20.43,54.239.33.155,970265,26
2022-12-07,192.168.20.43,54.239.33.207,99657811,11
2022-12-07,192.168.20.43,54.239.35.210,128208774,40
2022-12-07,192.168.20.43,54.239.35.211,122725493,55
2022-12-07,192.168.20.43,54.242.245.104,96281634,36
2022-12-07,192.168.20.43,54.68.57.171,96957331,233
2022-12-07,192.168.20.43,54.70.5.180,193176216,212
2022-12-07,192.168.20.43,54.88.98.123,987702410,126
2022-12-07,192.168.20.43,54.92.128.108,96751325,51
2022-12-07,192.168.20.43,67.220.240.113,486860,22
2022-12-07,192.168.20.43,72.21.195.82,113695647,11
2022-12-07,192.168.20.43,72.21.207.143,108809292,11
2022-12-07,192.168.20.43,75.101.192.252,1203799462,154
2022-12-07,192.168.20.43,8.8.4.4,37385,1
2022-12-07,192.168.20.43,8.8.8.8,8947503,1027
2022-12-07,192.168.20.43,82.64.32.33,4226,1
2022-12-07,192.168.20.45,108.177.15.109,20133877,8
2022-12-07,192.168.20.45,142.251.5.108,20162797,6
2022-12-07,192.168.20.45,162.159.200.123,19443,2
2022-12-07,192.168.20.45,173.194.76.108,10075661,4
2022-12-07,192.168.20.45,173.194.76.109,10072972,4
2022-12-07,192.168.20.45,239.255.255.250,61537025816,19008
2022-12-07,192.168.20.45,51.15.191.239,2727,1
2022-12-07,192.168.20.45,52.84.177.10,1756824,50
2022-12-07,192.168.20.45,52.9.40.194,61546770025,5444
2022-12-07,192.168.20.45,66.102.1.108,30307188,11
2022-12-07,192.168.20.45,66.102.1.109,10097017,3
2022-12-07,192.168.20.45,8.8.8.8,419614,38
2022-12-07,192.168.20.45,82.64.84.116,3839,1
2022-12-07,192.168.20.48,104.199.65.124,78040420021,17241
2022-12-07,192.168.20.48,108.136.92.85,6012584,120
2022-12-07,192.168.20.48,108.137.181.26,5075292,102
2022-12-07,192.168.20.48,108.137.188.162,3515264,67
2022-12-07,192.168.20.48,13.125.158.78,2124185,34
2022-12-07,192.168.20.48,13.245.125.189,5867624,157
2022-12-07,192.168.20.48,13.246.0.149,2575319,67
2022-12-07,192.168.20.48,13.246.174.39,1943661,49
2022-12-07,192.168.20.48,13.37.191.91,196234,52
2022-12-07,192.168.20.48,13.48.15.205,735096,68
2022-12-07,192.168.20.48,13.50.30.171,924750,85
2022-12-07,192.168.20.48,13.54.168.82,3364550,51
2022-12-07,192.168.20.48,15.161.86.203,416753,50
2022-12-07,192.168.20.48,15.168.33.159,1044737,18
2022-12-07,192.168.20.48,15.184.245.166,1473145,71
2022-12-07,192.168.20.48,15.188.36.183,500076,123
2022-12-07,192.168.20.48,15.222.185.72,850918,35
2022-12-07,192.168.20.48,15.236.150.135,203184,52
2022-12-07,192.168.20.48,157.175.241.61,1861514,86
2022-12-07,192.168.20.48,157.241.5.46,1109590,51
2022-12-07,192.168.20.48,16.16.59.238,555286,52
2022-12-07,192.168.20.48,16.163.233.23,4174371,69
2022-12-07,192.168.20.48,176.32.98.108,436019,14
2022-12-07,192.168.20.48,18.102.55.180,1117029,137
2022-12-07,192.168.20.48,18.102.88.160,1208036,151
2022-12-07,192.168.20.48,18.134.222.161,579842,104
2022-12-07,192.168.20.48,18.140.188.91,2492503,53
2022-12-07,192.168.20.48,18.155.126.209,32788237,1539
2022-12-07,192.168.20.48,18.155.129.113,215176,42
2022-12-07,192.168.20.48,18.155.129.33,319580,68
2022-12-07,192.168.20.48,18.155.129.97,164310,40
2022-12-07,192.168.20.48,18.156.17.11,449520,68
2022-12-07,192.168.20.48,18.163.70.120,6369480,103
2022-12-07,192.168.20.48,18.167.1.113,2025751,36
2022-12-07,192.168.20.48,18.203.57.224,19503112456,1395
2022-12-07,192.168.20.48,18.205.68.150,76787,1
2022-12-07,192.168.20.48,18.214.180.6,6212508,372
2022-12-07,192.168.20.48,18.216.180.71,1643259,70
2022-12-07,192.168.20.48,18.229.75.205,4256123,88
2022-12-07,192.168.20.48,192.168.20.1,2918189,1360
2022-12-07,192.168.20.48,209.54.177.117,385109,14
2022-12-07,192.168.20.48,209.54.178.134,378370,13
2022-12-07,192.168.20.48,209.54.178.166,381442,15
2022-12-07,192.168.20.48,209.54.179.232,371433,12
2022-12-07,192.168.20.48,209.54.179.93,375276,14
2022-12-07,192.168.20.48,209.54.180.44,380242,14
2022-12-07,192.168.20.48,209.54.181.4,1189806,42
2022-12-07,192.168.20.48,224.0.0.251,713687728,138
2022-12-07,192.168.20.48,23.22.232.191,711512,34
2022-12-07,192.168.20.48,239.255.255.250,71884203,105
2022-12-07,192.168.20.48,255.255.255.255,4969,33
2022-12-07,192.168.20.48,3.1.115.53,4176824,89
2022-12-07,192.168.20.48,3.105.75.37,5692343,87
2022-12-07,192.168.20.48,3.112.156.31,3312447,54
2022-12-07,192.168.20.48,3.140.228.75,1621918,69
2022-12-07,192.168.20.48,3.18.23.108,448292,17
2022-12-07,192.168.20.48,3.214.192.174,389337,12
2022-12-07,192.168.20.48,3.214.58.173,153551,2
2022-12-07,192.168.20.48,3.226.156.103,40805044868,1792
2022-12-07,192.168.20.48,3.227.83.236,1568824,90
2022-12-07,192.168.20.48,3.28.113.52,491719,17
2022-12-07,192.168.20.48,3.28.94.159,1045776,34
2022-12-07,192.168.20.48,3.6.255.210,2468758,84
2022-12-07,192.168.20.48,3.71.131.162,98111,17
2022-12-07,192.168.20.48,3.76.1.196,190709,35
2022-12-07,192.168.20.48,34.195.175.66,6322581,364
2022-12-07,192.168.20.48,34.214.111.43,3297043,87
2022-12-07,192.168.20.48,34.226.24.249,76763,1
2022-12-07,192.168.20.48,34.237.111.59,6750168,422
2022-12-07,192.168.20.48,34.238.175.125,312489,10
2022-12-07,192.168.20.48,34.239.12.200,77913,1
2022-12-07,192.168.20.48,34.250.50.152,1104027,138
2022-12-07,192.168.20.48,34.252.33.62,501944,68
2022-12-07,192.168.20.48,35.155.9.57,631527,16
2022-12-07,192.168.20.48,35.164.36.47,1953554,50
2022-12-07,192.168.20.48,35.171.216.243,729940,34
2022-12-07,192.168.20.48,35.171.65.8,235868,7
2022-12-07,192.168.20.48,35.173.74.42,357188,17
2022-12-07,192.168.20.48,35.178.33.97,464303,86
2022-12-07,192.168.20.48,35.178.87.88,94036,17
2022-12-07,192.168.20.48,35.183.173.98,2025734,85
2022-12-07,192.168.20.48,43.205.185.100,1926804,68
2022-12-07,192.168.20.48,43.205.35.127,1440489,51
2022-12-07,192.168.20.48,44.193.236.65,15107752,956
2022-12-07,192.168.20.48,44.198.224.47,14220197,893
2022-12-07,192.168.20.48,44.199.138.71,2511830,144
2022-12-07,192.168.20.48,44.199.52.214,8552926,516
2022-12-07,192.168.20.48,44.207.137.197,763631,34
2022-12-07,192.168.20.48,52.119.198.109,368544,14
2022-12-07,192.168.20.48,52.119.198.2,762043,27
2022-12-07,192.168.20.48,52.16.104.93,34160460784,2293
2022-12-07,192.168.20.48,52.20.206.121,4922428,302
2022-12-07,192.168.20.48,52.202.2.34,6937060,429
2022-12-07,192.168.20.48,52.214.227.89,15019450735,1021
2022-12-07,192.168.20.48,52.222.145.55,428647,55
2022-12-07,192.168.20.48,52.222.149.24,353128,12
2022-12-07,192.168.20.48,52.222.149.3,74850,13
2022-12-07,192.168.20.48,52.222.149.30,50655,13
2022-12-07,192.168.20.48,52.222.149.4,52152,12
2022-12-07,192.168.20.48,52.222.193.55,2485974,367
2022-12-07,192.168.20.48,52.223.30.179,124009,13
2022-12-07,192.168.20.48,52.44.87.149,377186,17
2022-12-07,192.168.20.48,52.45.237.36,78535,1
2022-12-07,192.168.20.48,52.46.128.39,366135,14
2022-12-07,192.168.20.48,52.46.128.80,356694,12
2022-12-07,192.168.20.48,52.46.128.81,1587238,56
2022-12-07,192.168.20.48,52.46.131.209,826328,28
2022-12-07,192.168.20.48,52.46.133.19,2399365,78
2022-12-07,192.168.20.48,52.46.155.112,762064,28
2022-12-07,192.168.20.48,52.46.157.6,743650,28
2022-12-07,192.168.20.48,52.76.51.147,4952674,102
2022-12-07,192.168.20.48,52.78.15.113,2133650,32
2022-12-07,192.168.20.48,52.79.118.208,1104995,16
2022-12-07,192.168.20.48,52.94.224.149,1751317,46
2022-12-07,192.168.20.48,52.94.242.236,471182,14
2022-12-07,192.168.20.48,54.146.45.201,628682,20
2022-12-07,192.168.20.48,54.157.203.98,6955320,414
2022-12-07,192.168.20.48,54.164.163.115,1488734,68
2022-12-07,192.168.20.48,54.166.21.152,6507065,391
2022-12-07,192.168.20.48,54.173.93.68,1479251,67
2022-12-07,192.168.20.48,54.193.16.2,3349958,86
2022-12-07,192.168.20.48,54.195.209.68,381127,51
2022-12-07,192.168.20.48,54.203.166.245,1960916,52
2022-12-07,192.168.20.48,54.205.24.65,7228893,427
2022-12-07,192.168.20.48,54.207.10.176,4266871,86
2022-12-07,192.168.20.48,54.215.58.112,2741293,69
2022-12-07,192.168.20.48,54.221.200.137,8397971,496
2022-12-07,192.168.20.48,54.232.199.45,6010483,121
2022-12-07,192.168.20.48,54.238.156.226,3139056,51
2022-12-07,192.168.20.48,54.239.19.122,359645,11
2022-12-07,192.168.20.48,54.239.27.116,743692,28
2022-12-07,192.168.20.48,54.242.128.35,5116391,286
2022-12-07,192.168.20.48,54.243.58.104,3496111,210
2022-12-07,192.168.20.48,54.249.26.192,4044166,67
2022-12-07,192.168.20.48,54.68.250.149,1321915,34
2022-12-07,192.168.20.48,54.85.113.165,315322,10
2022-12-07,192.168.20.48,54.85.159.116,159646,5
2022-12-07,192.168.20.48,54.91.103.251,13986946,873
2022-12-07,192.168.20.48,72.21.195.82,843156,28
2022-12-07,192.168.20.48,72.21.207.143,848619,28
2022-12-07,192.168.20.48,72.21.207.82,424919,14
2022-12-07,192.168.20.48,75.2.104.77,714165,14
2022-12-07,192.168.20.48,8.8.8.8,4021590,556
2022-12-07,199.232.58.248,192.168.20.42,306,6
2022-12-07,209.54.179.232,192.168.20.48,28948,2
2022-12-07,209.54.183.243,192.168.20.43,1639,3
2022-12-07,216.58.213.74,192.168.20.42,150,3
2022-12-07,216.58.214.163,192.168.20.42,26063,2
2022-12-07,216.58.214.166,192.168.20.42,1205,1
2022-12-07,216.58.214.170,192.168.20.42,1659,3
2022-12-07,23.22.232.191,192.168.20.48,2088,2
2022-12-07,3.1.115.53,192.168.20.48,44633,5
2022-12-07,3.105.75.37,192.168.20.48,8123,5
2022-12-07,3.112.156.31,192.168.20.48,4709,3
2022-12-07,3.140.228.75,192.168.20.48,7054,4
2022-12-07,3.18.23.108,192.168.20.48,1212,1
2022-12-07,3.208.140.212,192.168.20.43,92,2
2022-12-07,3.212.205.83,192.168.20.43,80076,2
2022-12-07,3.227.83.236,192.168.20.48,5970,4
2022-12-07,3.28.113.52,192.168.20.48,4667,1
2022-12-07,3.28.94.159,192.168.20.48,11135,2
2022-12-07,3.6.255.210,192.168.20.48,8692,5
2022-12-07,3.71.131.162,192.168.20.48,2727,1
2022-12-07,3.76.1.196,192.168.20.48,2535,2
2022-12-07,34.104.35.123,192.168.20.42,77,2
2022-12-07,34.192.154.181,192.168.20.43,82192,2
2022-12-07,34.195.175.66,192.168.20.48,53027,15
2022-12-07,34.210.228.239,192.168.20.43,1601,1
2022-12-07,34.214.111.43,192.168.20.48,17549,5
2022-12-07,34.237.111.59,192.168.20.48,66892,15
2022-12-07,34.239.216.180,192.168.20.43,2458,5
2022-12-07,34.250.50.152,192.168.20.48,18929,8
2022-12-07,34.252.33.62,192.168.20.48,4232,4
2022-12-07,35.155.9.57,192.168.20.43,138489,9
2022-12-07,35.155.9.57,192.168.20.48,1667,3
2022-12-07,35.164.36.47,192.168.20.48,3635,3
2022-12-07,35.167.225.196,192.168.20.43,81,2
2022-12-07,35.171.216.243,192.168.20.48,2185,2
2022-12-07,35.173.74.42,192.168.20.48,1528,1
2022-12-07,35.178.33.97,192.168.20.48,7039,5
2022-12-07,35.178.87.88,192.168.20.48,1443,1
2022-12-07,35.183.173.98,192.168.20.48,33971,5
2022-12-07,35.186.224.25,192.168.20.42,1154,1
2022-12-07,43.205.185.100,192.168.20.48,22724,4
2022-12-07,43.205.35.127,192.168.20.48,3471,3
2022-12-07,44.193.236.65,192.168.20.48,114803,33
2022-12-07,44.198.224.47,192.168.20.48,123296,31
2022-12-07,44.199.138.71,192.168.20.48,8046,6
2022-12-07,44.199.52.214,192.168.20.48,88073,19
2022-12-07,44.207.137.197,192.168.20.48,2134,2
2022-12-07,44.227.96.221,192.168.20.43,431,8
2022-12-07,52.16.104.93,192.168.20.43,19978,6
2022-12-07,52.16.104.93,192.168.20.48,7834,27
2022-12-07,52.20.206.121,192.168.20.48,41440,11
2022-12-07,52.202.2.34,192.168.20.48,27403,16
2022-12-07,52.210.180.223,192.168.20.43,318,2
2022-12-07,52.214.227.89,192.168.20.43,826645659,240
2022-12-07,52.214.227.89,192.168.20.48,118270,15
2022-12-07,52.222.145.55,192.168.20.43,959498982,35
2022-12-07,52.222.145.55,192.168.20.48,3558,7
2022-12-07,52.222.149.14,192.168.20.43,6270,1
2022-12-07,52.222.149.17,192.168.20.43,1603,1
2022-12-07,52.222.149.24,192.168.20.48,1060,1
2022-12-07,52.222.149.49,192.168.20.43,280,3
2022-12-07,52.222.175.220,192.168.20.43,2707,2
2022-12-07,52.222.193.55,192.168.20.43,4078605222,205
2022-12-07,52.222.193.55,192.168.20.48,30829,37
2022-12-07,52.27.163.92,192.168.20.43,20850,26
2022-12-07,52.44.87.149,192.168.20.48,1151,1
2022-12-07,52.46.128.80,192.168.20.48,16526,3
2022-12-07,52.46.129.152,192.168.20.43,1348,3
2022-12-07,52.46.133.115,192.168.20.43,1145,1
2022-12-07,52.46.136.68,192.168.20.43,4611,3
2022-12-07,52.46.137.209,192.168.20.43,1483,3
2022-12-07,52.46.137.248,192.168.20.43,3120,3
2022-12-07,52.46.145.112,192.168.20.43,8729,2
2022-12-07,52.46.145.205,192.168.20.43,1338,3
2022-12-07,52.46.155.120,192.168.20.43,1169,1
2022-12-07,52.76.51.147,192.168.20.48,23750,6
2022-12-07,52.78.15.113,192.168.20.48,2591,2
2022-12-07,52.79.118.208,192.168.20.48,1365,1
2022-12-07,52.84.174.15,192.168.20.43,2520,1
2022-12-07,52.84.174.45,192.168.20.43,6017,1
2022-12-07,52.84.177.10,192.168.20.45,40483,10
2022-12-07,52.94.217.61,192.168.20.43,1727,1
2022-12-07,52.94.218.244,192.168.20.43,1016,1
2022-12-07,52.94.224.149,192.168.20.48,6186,11
2022-12-07,52.94.225.206,192.168.20.43,5354,5
2022-12-07,52.94.225.227,192.168.20.43,19835,2
2022-12-07,52.94.225.56,192.168.20.43,1782,3
2022-12-07,52.94.236.45,192.168.20.43,2266,3
2022-12-07,52.95.123.112,192.168.20.43,14749,1
2022-12-07,52.95.123.17,192.168.20.43,1282,1
2022-12-07,52.95.124.103,192.168.20.43,5612,1
2022-12-07,52.95.125.12,192.168.20.43,3840,1
2022-12-07,52.95.127.117,192.168.20.43,8950,1
2022-12-07,54.157.203.98,192.168.20.48,46344,16
2022-12-07,54.164.163.115,192.168.20.48,5836,4
2022-12-07,54.166.21.152,192.168.20.48,53866,15
2022-12-07,54.173.93.68,192.168.20.48,15825,4
2022-12-07,54.187.92.102,192.168.20.43,83,2
2022-12-07,54.193.16.2,192.168.20.48,22662,5
2022-12-07,54.194.135.95,192.168.20.20,5281,2
2022-12-07,54.195.209.68,192.168.20.48,6584,3
2022-12-07,54.203.166.245,192.168.20.48,3694,3
2022-12-07,54.205.24.65,192.168.20.48,36154,16
2022-12-07,54.207.10.176,192.168.20.48,8193,5
2022-12-07,54.215.58.112,192.168.20.48,19514,4
2022-12-07,54.221.200.137,192.168.20.48,51537,19
2022-12-07,54.232.199.45,192.168.20.48,45279,7
2022-12-07,54.238.156.226,192.168.20.48,3787,3
2022-12-07,54.239.19.122,192.168.20.48,1614,3
2022-12-07,54.239.33.155,192.168.20.43,1026,1
2022-12-07,54.239.35.211,192.168.20.43,5335,3
2022-12-07,54.242.128.35,192.168.20.48,391210,30
2022-12-07,54.243.58.104,192.168.20.48,40370,8
2022-12-07,54.249.26.192,192.168.20.48,5034,4
2022-12-07,54.68.250.149,192.168.20.48,5339,2
2022-12-07,54.68.57.171,192.168.20.43,1935,1
2022-12-07,54.77.112.89,192.168.20.19,30228,66
2022-12-07,54.77.51.148,192.168.20.19,31564,69
2022-12-07,54.91.103.251,192.168.20.48,161008,30
2022-12-07,67.220.240.113,192.168.20.43,1705,2
2022-12-07,8.6.0.1,8.0.6.4,79844009940,40290
2022-12-07,99.80.0.240,192.168.20.20,89959276,3
